yen_171082@yahoo.com:yen_171082@yahoo.com
thanhthuytb0486@gmail.com:thanhthuytb0486@gmail.com
khoanhkhac.love@gmail.com:khoanhkhac.love@gmail.com
thuytinh1684@yahoo.com:thuytinh1684@yahoo.com
tranhuongmy91@gmail.com:tranhuongmy91@gmail.com
danongkhongduockhoc@gmail.com:danongkhongduockhoc@gmail.com
quocthaitong@gmail.com:quocthaitong@gmail.com
tuyendung2@fiditour.com:tuyendung2@fiditour.com
hoan.nguyenhuy1@redsun-iti.vn:hoan.nguyenhuy1@redsun-iti.vn
tuyendungnhansu1@namduoc.vn:tuyendungnhansu1@namduoc.vn
nga_nguyen0@guardian.com.vn:nga_nguyen0@guardian.com.vn
pltlinh9@thmilk.vn:pltlinh9@thmilk.vn
ngochan01@careerlink.vn:ngochan01@careerlink.vn
phuongthao8@careerlink.vn:phuongthao8@careerlink.vn
dungnguyen12@ttp.net.vn:dungnguyen12@ttp.net.vn
tuyendunng@qmobile.vn:tuyendunng@qmobile.vn
tuyendung1@lacviet.com.vn:tuyendung1@lacviet.com.vn
hoangvancareerlink@gmail.com:hoangvancareerlink@gmail.com
randy1@sparkjumpers.com:randy1@sparkjumpers.com
railwaytravel12@vnn.vn:railwaytravel12@vnn.vn
starhill512@yahoo.com:starhill512@yahoo.com
binhthinh2003_ltb12@yahoo.com:binhthinh2003_ltb12@yahoo.com
anthanhdat12@viettel.com.vn:anthanhdat12@viettel.com.vn
taticoct12@hcm.vnn.vn:taticoct12@hcm.vnn.vn
viendat12@hcm.vnn.vn:viendat12@hcm.vnn.vn
info12@viba-nippers.com:info12@viba-nippers.com
kienthuan12@pmail.vnn.vn:kienthuan12@pmail.vnn.vn
ag.contack@thegioiag.net:ag.contack@thegioiag.net
infok@dacnhan.com:infok@dacnhan.com
infotechk@hcm.fpt.vn:infotechk@hcm.fpt.vn
pnduyk@nama.com.vn:pnduyk@nama.com.vn
tuhoa9999k@yahoo.com:tuhoa9999k@yahoo.com
anlocsalek@vnn.vn:anlocsalek@vnn.vn
vitinhmaiphuongk@gmail.com:vitinhmaiphuongk@gmail.com
quoc_vhck@yahoo.com:quoc_vhck@yahoo.com
donganbienhoak@yahoo.com.vn:donganbienhoak@yahoo.com.vn
tptctk@hcm.vnn.vn:tptctk@hcm.vnn.vn
canhtoanagk@vnn.vn:canhtoanagk@vnn.vn
hoang.nguyenk@maikhanh.com.vn:hoang.nguyenk@maikhanh.com.vn
hvcsk@hcm.vnn.vn:hvcsk@hcm.vnn.vn
nuocvietk@dng.vnn.vn:nuocvietk@dng.vnn.vn
lichsuk@hcm.vnn.vn:lichsuk@hcm.vnn.vn
legiacomk@hcm.fpt.vn:legiacomk@hcm.fpt.vn
infok@vyngoctuong.com:infok@vyngoctuong.com
viet-tienk@hcm.vnn.vn:viet-tienk@hcm.vnn.vn
dinhvietcok@yahoo.com:dinhvietcok@yahoo.com
asnet.dnk@dng.vnn.vn:asnet.dnk@dng.vnn.vn
anhnhan2k@hcm.vnn.vn:anhnhan2k@hcm.vnn.vn
daivietthinhk@hcm.fpt.vn:daivietthinhk@hcm.fpt.vn
minhquangcopierk@vnn.vn:minhquangcopierk@vnn.vn
contactk@digipower.vn:contactk@digipower.vn
ductuanntk@dng.vnn.vn:ductuanntk@dng.vnn.vn
tinnghiabinhduongk@yahoo.com:tinnghiabinhduongk@yahoo.com
cak13ek@vnn.vn:cak13ek@vnn.vn
pcpro_bhk@yahoo.com:pcpro_bhk@yahoo.com
anniehienk@acecom-vietnam.com.vn:anniehienk@acecom-vietnam.com.vn
lusanhvuk@yahoo.com:lusanhvuk@yahoo.com
chihungk@hcm.fpt.vn:chihungk@hcm.fpt.vn
lecong_vnk@yahoo.com:lecong_vnk@yahoo.com
ngocphu_coltdk@yahoo.com:ngocphu_coltdk@yahoo.com
acervietnamk@acer.com.vn:acervietnamk@acer.com.vn
infogiaphamk@yahoo.com:infogiaphamk@yahoo.com
nghikhangk@gmail.com:nghikhangk@gmail.com
infok@luuphuccomputer.com:infok@luuphuccomputer.com
thaithinhdnk@dng.vnn.vn:thaithinhdnk@dng.vnn.vn
mega-vnk@dng.vnn.vn:mega-vnk@dng.vnn.vn
baosondngk@vnn.vn:baosondngk@vnn.vn
tvm-comk@hcm.vnn.vn:tvm-comk@hcm.vnn.vn
hoangnamk@gcvietnam.com:hoangnamk@gcvietnam.com
thanhminh_corpk@yahoo.com.vn:thanhminh_corpk@yahoo.com.vn
sotapck@sotapc.com:sotapck@sotapc.com
thiennhi2304k@yahoo.com:thiennhi2304k@yahoo.com
quangnhancok@yahoo.com:quangnhancok@yahoo.com
